"","V1"
"1",12
"2",1
"3",3
"4",4
"5",1
"6",5
"7",9
"8",4
"9",1
"10",4
"11",5
"12",8
"13",4
"14",9
"15",14
"16",10
"17",15
"18",4
"19",12
"20",4
"21",10
"22",10
"23",10
"24",10
"25",8
"26",10
"27",6
"28",1
"29",5
"30",5
"31",10
"32",12
"33",4
"34",4
"35",8
"36",2
"37",15
"38",12
"39",7
"40",11
"41",15
"42",12
"43",3
"44",9
"45",4
"46",15
"47",14
"48",15
"49",12
"50",8
"51",15
"52",8
"53",5
"54",2
"55",1
"56",3
"57",5
"58",2
"59",8
"60",4
"61",13
"62",9
"63",2
"64",10
"65",2
"66",6
"67",3
"68",14
"69",4
"70",13
"71",1
"72",1
"73",12
"74",1
"75",9
"76",8
"77",4
"78",10
"79",2
"80",2
"81",8
"82",15
"83",5
"84",9
"85",2
"86",3
"87",3
"88",10
"89",10
"90",9
"91",3
"92",8
"93",10
"94",4
"95",8
"96",5
"97",1
"98",5
"99",8
"100",15
"101",11
"102",8
"103",9
"104",6
"105",11
"106",11
"107",15
"108",3
"109",11
"110",7
"111",9
"112",7
"113",6
"114",8
"115",11
"116",4
"117",8
"118",9
"119",9
"120",10
"121",10
"122",8
"123",6
"124",5
"125",14
"126",9
"127",11
"128",14
"129",7
"130",15
"131",1
"132",2
"133",14
"134",2
"135",6
"136",1
"137",9
"138",6
"139",14
"140",14
"141",9
"142",5
"143",13
"144",14
"145",2
"146",2
"147",9
"148",14
"149",15
"150",7
"151",6
"152",9
"153",14
"154",4
"155",14
"156",7
"157",9
"158",13
"159",1
"160",2
"161",7
"162",6
"163",14
"164",8
"165",11
"166",1
"167",14
"168",12
"169",9
"170",9
"171",8
"172",3
"173",9
"174",14
"175",1
"176",2
"177",10
"178",5
"179",15
"180",7
"181",15
"182",7
"183",3
"184",15
"185",8
"186",7
"187",12
"188",9
"189",4
"190",6
"191",12
"192",13
"193",1
"194",14
"195",7
"196",4
"197",11
"198",12
"199",2
"200",6
"201",1
"202",1
"203",15
"204",5
"205",3
"206",7
"207",8
"208",3
"209",7
"210",9
"211",6
"212",14
"213",6
"214",13
"215",13
"216",13
"217",15
"218",3
"219",13
"220",9
"221",7
"222",4
"223",8
"224",4
"225",11
"226",8
"227",13
"228",1
"229",8
"230",12
